{
  "per_method_norms": {
    "early": {
      "benign": {
        "mean": 43.1957013569646,
        "std": 64.73214599290102
      },
      "GCG": {
        "mean": 6.961619303798236,
        "std": 0.48343371640697436
      },
      "JBC": {
        "mean": 6.599444976084886,
        "std": 0.3479257752999017
      },
      "PAIR": {
        "mean": 5.2235580082930255,
        "std": 0.2391404406282075
      },
      "prompt_with_random_search": {
        "mean": 6.342396536679559,
        "std": 0.42027825408249697
      }
    },
    "late": {
      "benign": {
        "mean": 313.9719937883841,
        "std": 30.362743571924337
      },
      "GCG": {
        "mean": 293.9241000055675,
        "std": 25.44324598424124
      },
      "JBC": {
        "mean": 309.5120947944313,
        "std": 12.442659782665984
      },
      "PAIR": {
        "mean": 317.36054418854366,
        "std": 16.519949337411568
      },
      "prompt_with_random_search": {
        "mean": 335.2808811548071,
        "std": 33.535155734155445
      }
    }
  },
  "layer_ablation": {
    "Early only (0-2)": {
      "auroc": 0.9979933110367892,
      "f1": 0.9692307692307692
    },
    "Late only (35-39)": {
      "auroc": 1.0,
      "f1": 0.9922480620155039
    },
    "Mid only (20-30)": {
      "auroc": 1.0,
      "f1": 0.9922480620155039
    },
    "Late+Mid (20-39)": {
      "auroc": 1.0,
      "f1": 0.9922480620155039
    },
    "Combined (0-2 + 35-39)": {
      "auroc": 1.0,
      "f1": 0.9922480620155039
    }
  },
  "cross_attack": {
    "GCG": {
      "raw": {
        "auroc": 0.992016806722689,
        "tpr_at_fpr01": 0.8970588235294118,
        "actual_fpr": 0.014285714285714285,
        "threshold": 0.12980137443969955
      },
      "euclidean": {
        "auroc": 0.769327731092437,
        "tpr_at_fpr01": 0.0,
        "actual_fpr": 0.014285714285714285,
        "threshold": 0.9999999999999997
      },
      "hyperbolic": {
        "auroc": 0.9428571428571427,
        "tpr_at_fpr01": 0.6029411764705882,
        "actual_fpr": 0.014285714285714285,
        "threshold": 0.9998687254721534
      },
      "n_test_attacks": 68,
      "n_test_benign": 70
    },
    "JBC": {
      "raw": {
        "auroc": 0.9897959183673469,
        "tpr_at_fpr01": 0.8452380952380952,
        "actual_fpr": 0.014285714285714285,
        "threshold": 0.16902462289394268
      },
      "euclidean": {
        "auroc": 0.5477891156462585,
        "tpr_at_fpr01": 0.0,
        "actual_fpr": 0.014285714285714285,
        "threshold": 0.8517642675856899
      },
      "hyperbolic": {
        "auroc": 0.752721088435374,
        "tpr_at_fpr01": 0.16666666666666666,
        "actual_fpr": 0.014285714285714285,
        "threshold": 0.8878428930359179
      },
      "n_test_attacks": 84,
      "n_test_benign": 70
    },
    "PAIR": {
      "raw": {
        "auroc": 0.9491341991341992,
        "tpr_at_fpr01": 0.19696969696969696,
        "actual_fpr": 0.014285714285714285,
        "threshold": 0.25772522449913826
      },
      "euclidean": {
        "auroc": 0.44458874458874464,
        "tpr_at_fpr01": 0.0,
        "actual_fpr": 0.014285714285714285,
        "threshold": 0.037052738470576774
      },
      "hyperbolic": {
        "auroc": 0.6346320346320345,
        "tpr_at_fpr01": 0.0,
        "actual_fpr": 0.014285714285714285,
        "threshold": 0.987448550073288
      },
      "n_test_attacks": 66,
      "n_test_benign": 70
    },
    "prompt_with_random_search": {
      "raw": {
        "auroc": 1.0,
        "tpr_at_fpr01": 1.0,
        "actual_fpr": 0.014285714285714285,
        "threshold": 0.23975477565324585
      },
      "euclidean": {
        "auroc": 0.291399416909621,
        "tpr_at_fpr01": 0.0,
        "actual_fpr": 0.014285714285714285,
        "threshold": 0.9944647337058109
      },
      "hyperbolic": {
        "auroc": 0.929737609329446,
        "tpr_at_fpr01": 0.17346938775510204,
        "actual_fpr": 0.014285714285714285,
        "threshold": 0.9853700479420251
      },
      "n_test_attacks": 98,
      "n_test_benign": 70
    }
  },
  "cross_attack_mean": {
    "auroc": {
      "raw": 0.9827367310560587,
      "euclidean": 0.5132762520592653,
      "hyperbolic": 0.8149869688134994
    },
    "tpr_at_fpr01": {
      "raw": 0.7348166539343011,
      "euclidean": 0.0,
      "hyperbolic": 0.2357693077230892
    }
  },
  "refused_analysis": {
    "benign_mean": 0.001728375467093218,
    "refused_mean": 0.9925339073594368,
    "attack_mean": 0.9982236954140286,
    "interpretation": "like_attack"
  }
}