{
  "multi_seed": {
    "aurocs": [
      0.9256099575271355,
      0.9248548843794242,
      0.9282137800849457,
      0.9204034922133081,
      0.9163284568192545
    ],
    "tprs": [
      0.6319018404907976,
      0.6334355828220859,
      0.6173312883435583,
      0.6134969325153374,
      0.629601226993865
    ],
    "mean_auroc": 0.9230821142048136,
    "std_auroc": 0.004210786257087928,
    "mean_tpr": 0.6251533742331289,
    "std_tpr": 0.008136065772929342
  },
  "computational_cost_ms_per_prompt": 24.221762816111244
}