{
  "curvatures": [
    0.05,
    0.25,
    0.5,
    1.0,
    2.0,
    4.0,
    8.0
  ],
  "typed": {
    "0.05": [
      0.753061224489796,
      0.03121848681791502
    ],
    "0.25": [
      0.7387755102040817,
      0.025284717741558903
    ],
    "0.5": [
      0.7255102040816326,
      0.024869505320314154
    ],
    "1.0": [
      0.7020408163265307,
      0.030544141932848493
    ],
    "2.0": [
      0.7040816326530612,
      0.04341234160445438
    ],
    "4.0": [
      0.6448979591836734,
      0.045929703816028185
    ],
    "8.0": [
      0.5479591836734694,
      0.03424073823584189
    ]
  },
  "binary_tpr": {
    "0.05": [
      0.8418367346938777,
      0.17899366989056148
    ],
    "0.25": [
      0.8887755102040815,
      0.12079667518062691
    ],
    "0.5": [
      0.9632653061224492,
      0.05354955821796707
    ],
    "1.0": [
      0.9469387755102041,
      0.09854205841230912
    ],
    "2.0": [
      0.9520408163265307,
      0.08589630818667329
    ],
    "4.0": [
      0.9377551020408162,
      0.11945314797275015
    ],
    "8.0": [
      0.8826530612244898,
      0.21450426173087572
    ]
  },
  "binary_auroc": {
    "0.05": [
      0.9973188254893793,
      0.0027828882912903194
    ],
    "0.25": [
      0.9981257809246147,
      0.0019433711717324362
    ],
    "0.5": [
      0.9991305705955853,
      0.001172901515153291
    ],
    "1.0": [
      0.9988754685547688,
      0.0017342388253728214
    ],
    "2.0": [
      0.9988286130778843,
      0.0019309886522572192
    ],
    "4.0": [
      0.9986516034985422,
      0.002155339361380754
    ],
    "8.0": [
      0.9984433569346105,
      0.0021897722806289055
    ]
  },
  "c4_binary_tpr": [
    0.986734693877551,
    0.012744893874282449
  ]
}