{
  "harm-decision reps (last-token)": {
    "H": 0.07993905302711735,
    "E": 0.1794743303260215,
    "S": 0.10366833422384719,
    "winner": "H"
  },
  "token embeddings (HELM subspace)": {
    "H": 0.002561122953884787,
    "E": 0.8610421683213362,
    "S": 0.376950096766326,
    "winner": "H"
  },
  "random Gaussian (matched-dim FLOOR)": {
    "H": 0.15187639178126872,
    "E": 0.19394398051135442,
    "S": 0.15417700468146497,
    "winner": "H"
  }
}