{
  "H": [
    0.08681816921303442,
    0.07619002195244164,
    0.07266247159008711,
    0.08354482457930013,
    0.06872000539338462,
    0.08635472900106023,
    0.08005556788815577,
    0.08598680851879935,
    0.0736639410821514,
    0.07533999370404795,
    0.07678427184404665,
    0.07654172955555266,
    0.06649893287005225,
    0.07853738991780142,
    0.07112279956804093,
    0.0743699449601922,
    0.0789283664426938,
    0.08022798280126389,
    0.0806160742680766,
    0.08711513619761548,
    0.08322982605309467,
    0.07731245046770822,
    0.08349972985680229,
    0.07862676411621757,
    0.06664723728089722,
    0.06746951230375986,
    0.06804078923528177,
    0.0641408671300678,
    0.06805857535704427,
    0.07590685783643658,
    0.06459181859685018,
    0.08160983844609088
  ],
  "E": [
    0.09226767621317429,
    0.09497124787997233,
    0.07874046559940287,
    0.09971133431828667,
    0.08297847436324553,
    0.11463009601409277,
    0.10961589884247833,
    0.10460479461501372,
    0.09021851128461426,
    0.09310679309759126,
    0.09563408225855963,
    0.09639098053629509,
    0.08036190318485083,
    0.0974756771031828,
    0.08912257016996936,
    0.09527778815879845,
    0.08993143893025633,
    0.09357908467585731,
    0.1047674466525298,
    0.10936858748357975,
    0.10308518764912797,
    0.09904686109487196,
    0.10371256813061396,
    0.09571279906905009,
    0.08289274993300383,
    0.08001128076413712,
    0.08331524960075895,
    0.07903759408216476,
    0.08227990372818918,
    0.08487882649147269,
    0.07984665781182097,
    0.10595523382487085
  ],
  "S": [
    0.0784313046208029,
    0.08794971718580828,
    0.07552810714404794,
    0.08777671773960875,
    0.07577484079195392,
    0.08628377519919772,
    0.0817518127557506,
    0.09146734868810903,
    0.08307778652043496,
    0.07577657299000273,
    0.07901229633454139,
    0.07847598824550081,
    0.0750884522837574,
    0.08671393172509637,
    0.07692820526500685,
    0.07633991036753277,
    0.08026359762444521,
    0.07868779571077454,
    0.07638834003936161,
    0.08255635572538968,
    0.0785678241835008,
    0.07660306109590159,
    0.08117855502203339,
    0.08050409581865202,
    0.07663059134618297,
    0.07444951084677726,
    0.0786020673136398,
    0.07403284816388755,
    0.0785295792753081,
    0.07965372374470357,
    0.07716572274838074,
    0.0786880616466228
  ],
  "winner": [
    "S",
    "H",
    "H",
    "H",
    "H",
    "S",
    "H",
    "H",
    "H",
    "H",
    "H",
    "H",
    "H",
    "H",
    "H",
    "H",
    "H",
    "S",
    "S",
    "S",
    "S",
    "S",
    "S",
    "H",
    "H",
    "H",
    "H",
    "H",
    "H",
    "H",
    "H",
    "S"
  ]
}