{
  "hps": {
    "auroc": 0.9701021634615384,
    "tpr": 0.859375,
    "fpr": 0.057692307692307696
  },
  "rtv": {
    "auroc": 0.5390625,
    "tpr": 0.09375,
    "fpr": 0.057692307692307696
  },
  "or_gate": {
    "tpr": 0.875,
    "fpr": 0.11538461538461539
  },
  "ensemble": {
    "auroc": 0.974609375,
    "tpr": 0.890625,
    "fpr": 0.057692307692307696
  }
}