{
  "model": "lmsys/vicuna-13b-v1.5",
  "discovered_layers": [
    0,
    1,
    2,
    35,
    36,
    37,
    38,
    39
  ],
  "layer_separations": {
    "0": 1.192383941623157,
    "1": 1.160770159635753,
    "2": 1.111519053944428,
    "39": 0.8207592711781557,
    "38": 0.8005247350181879,
    "37": 0.7462805848273341,
    "36": 0.7147617330839652,
    "35": 0.6852670098475397,
    "34": 0.6549137013834412,
    "33": 0.6492640688981248,
    "32": 0.6473086200120131,
    "31": 0.6430489152356381,
    "30": 0.6412862952624456,
    "29": 0.6394900251412525,
    "17": 0.638144081907271,
    "16": 0.6378830624647047,
    "28": 0.6377381899797459,
    "27": 0.6364711704127632,
    "26": 0.6329174024395406,
    "25": 0.6323104786326865,
    "3": 0.6279829954364453,
    "18": 0.6276296979576724,
    "20": 0.6258670887566191,
    "23": 0.6257513282576537,
    "21": 0.6246400211650635,
    "22": 0.6240444126808439,
    "24": 0.6232092307326106,
    "19": 0.6202370649292074,
    "15": 0.615817918887628,
    "14": 0.6076057449214142,
    "13": 0.6008294017104507,
    "4": 0.5967786865420296,
    "12": 0.5918741837545066,
    "10": 0.5739671341204796,
    "5": 0.5737888042335255,
    "9": 0.5730911058056736,
    "6": 0.5726491852205321,
    "11": 0.5713477828479242,
    "8": 0.567616903856064,
    "7": 0.563692066972517
  },
  "pooling_ablation": {
    "last": {
      "auroc": 1.0,
      "fpr_at_95": 0.0,
      "f1": 1.0
    },
    "mean": {
      "auroc": 1.0,
      "fpr_at_95": 0.0,
      "f1": 1.0
    },
    "last5": {
      "auroc": 1.0,
      "fpr_at_95": 0.0,
      "f1": 1.0
    }
  },
  "baselines": {
    "hyperbolic_naive": {
      "auroc": 0.7735336092478949,
      "fpr_at_95": 0.636734693877551,
      "f1": 0.5612648221343873
    },
    "fisher8_raw": {
      "auroc": 0.9999215070643642,
      "fpr_at_95": 0.0,
      "f1": 0.9947643979057592
    },
    "euclidean_trained": {
      "auroc": 1.0,
      "fpr_at_95": 0.0,
      "f1": 1.0
    },
    "nonlinear_euclidean": {
      "auroc": 0.9999000999000999,
      "fpr_at_95": 0.0,
      "f1": 0.9947460595446584
    },
    "hyperbolic_trained": {
      "auroc": 1.0,
      "fpr_at_95": 0.0,
      "f1": 1.0
    }
  },
  "best_pool_mode": "last",
  "final_auroc": 1.0,
  "final_fpr_at_95": 0.0,
  "final_f1": 1.0,
  "dual_use_fpr": 0.0,
  "threshold": 0.9942629870674857,
  "n_benign_total": 520,
  "n_adversarial_total": 316,
  "n_benign_train": 490,
  "n_adversarial_train": 286,
  "n_calibration": 60,
  "learned_kappa": 1.0140510721520315
}