{
  "model": "lmsys/vicuna-13b-v1.5",
  "discovered_layers": [
    20,
    22,
    24,
    26,
    28,
    30,
    35,
    39
  ],
  "layer_separations": {
    "0": 1.0361981789046133,
    "1": 0.9866328920404503,
    "2": 0.9227886509685257,
    "39": 0.9181122568851582,
    "38": 0.8955196446682153,
    "37": 0.8412343776928258,
    "36": 0.8172777772367507,
    "35": 0.7867215292739076,
    "27": 0.7635048016367862,
    "34": 0.7603517972141816,
    "25": 0.759577165400822,
    "30": 0.7590745446431137,
    "26": 0.7580804037390213,
    "32": 0.7579911900322096,
    "31": 0.7576126130313348,
    "29": 0.7558398887507977,
    "28": 0.7555433151844813,
    "33": 0.7538650894898731,
    "23": 0.7385994798191594,
    "22": 0.7379931868554783,
    "24": 0.7368400152725141,
    "20": 0.7183812708598678,
    "21": 0.7166995143889011,
    "17": 0.7096321089107374,
    "18": 0.7065073642777941,
    "19": 0.7020164598136444,
    "16": 0.700955896401818,
    "15": 0.6702853678906999,
    "14": 0.6578058805032582,
    "13": 0.6471379773640475,
    "3": 0.6389471326905592,
    "12": 0.6380737057405248,
    "4": 0.6253529949730972,
    "6": 0.62250842640452,
    "9": 0.6220910814002576,
    "10": 0.6202129352633637,
    "8": 0.6190716293633935,
    "11": 0.6182264546690167,
    "7": 0.6140036618079941,
    "5": 0.611164526773942
  },
  "pooling_ablation": {
    "last": {
      "auroc": 1.0,
      "fpr_at_95": 0.0,
      "f1": 1.0
    },
    "mean": {
      "auroc": 0.9975743006993008,
      "fpr_at_95": 0.0,
      "f1": 0.9877408056042032
    },
    "last5": {
      "auroc": 0.9896853146853147,
      "fpr_at_95": 0.05,
      "f1": 0.9453262786596119
    }
  },
  "baselines": {
    "hyperbolic_naive": {
      "auroc": 0.7384178321678321,
      "fpr_at_95": 0.8375,
      "f1": 0.6519337016574586
    },
    "fisher8_raw": {
      "auroc": 0.999847027972028,
      "fpr_at_95": 0.0,
      "f1": 0.9947643979057592
    },
    "euclidean_trained": {
      "auroc": 1.0,
      "fpr_at_95": 0.0,
      "f1": 1.0
    },
    "nonlinear_euclidean": {
      "auroc": 1.0,
      "fpr_at_95": 0.0,
      "f1": 1.0
    },
    "hyperbolic_trained": {
      "auroc": 1.0,
      "fpr_at_95": 0.0,
      "f1": 1.0
    }
  },
  "best_pool_mode": "last",
  "final_auroc": 1.0,
  "final_fpr_at_95": 0.0,
  "final_f1": 1.0,
  "dual_use_fpr": 0.9,
  "threshold": 0.990865138376176,
  "n_benign_total": 350,
  "n_adversarial_total": 316,
  "n_benign_train": 320,
  "n_adversarial_train": 286,
  "n_calibration": 60,
  "learned_kappa": 1.0212608747792673
}