{
  "config": {
    "epsilons": [
      0.001,
      0.01,
      0.05,
      0.1,
      0.5,
      1.0,
      2.0,
      5.0
    ],
    "pgd_steps": 50
  },
  "baseline": {
    "hps_tpr": 0.359375,
    "euclidean_tpr": 0.21875,
    "rtv_tpr": 0.0,
    "hps_threshold": 0.999477345943451,
    "euclidean_threshold": 0.6908472517132757,
    "rtv_threshold": 14.205614175796509,
    "hps_fpr": 0.019230769230769232,
    "euclidean_fpr": 0.019230769230769232,
    "rtv_fpr": 0.019230769230769232
  },
  "attack_results": {
    "eps_0.001": {
      "hps_evasion_rate": 0.65625,
      "euclidean_evasion_rate": 0.78125,
      "rtv_evasion_rate": 1.0
    },
    "eps_0.01": {
      "hps_evasion_rate": 0.6875,
      "euclidean_evasion_rate": 1.0,
      "rtv_evasion_rate": 1.0
    },
    "eps_0.05": {
      "hps_evasion_rate": 0.9375,
      "euclidean_evasion_rate": 1.0,
      "rtv_evasion_rate": 1.0
    },
    "eps_0.1": {
      "hps_evasion_rate": 1.0,
      "euclidean_evasion_rate": 1.0,
      "rtv_evasion_rate": 1.0
    },
    "eps_0.5": {
      "hps_evasion_rate": 1.0,
      "euclidean_evasion_rate": 1.0,
      "rtv_evasion_rate": 1.0
    },
    "eps_1.0": {
      "hps_evasion_rate": 1.0,
      "euclidean_evasion_rate": 1.0,
      "rtv_evasion_rate": 1.0
    },
    "eps_2.0": {
      "hps_evasion_rate": 1.0,
      "euclidean_evasion_rate": 1.0,
      "rtv_evasion_rate": 1.0
    },
    "eps_5.0": {
      "hps_evasion_rate": 1.0,
      "euclidean_evasion_rate": 1.0,
      "rtv_evasion_rate": 0.046875
    }
  },
  "static_chat": {
    "messages": [
      "hi",
      "hello",
      "hey",
      "bye",
      "goodbye",
      "how are you",
      "how are you doing",
      "what's up",
      "good morning",
      "good night",
      "thanks",
      "thank you",
      "yes",
      "no",
      "ok",
      "sure",
      "tell me a joke",
      "what time is it",
      "what is your name",
      "can you help me"
    ],
    "hps_flagged": 3,
    "euclidean_flagged": 1,
    "rtv_flagged": 0,
    "hps_scores": [
      0.9996365308761597,
      0.3074711561203003,
      0.6164602041244507,
      0.6247678399085999,
      0.024414358660578728,
      0.039665449410676956,
      0.02877514250576496,
      0.011324693448841572,
      0.7486192584037781,
      0.07142171263694763,
      0.2936512231826782,
      0.09991887211799622,
      0.7560665011405945,
      0.999823272228241,
      0.9999693632125854,
      0.8626030087471008,
      0.06904733926057816,
      0.0004301943990867585,
      0.26833224296569824,
      0.0003239376237615943
    ],
    "euclidean_scores": [
      7.864393410272896e-05,
      4.5993816456757486e-05,
      0.003196003846824169,
      0.00187865796033293,
      0.00011587492190301418,
      0.00033336805063299835,
      0.004892683122307062,
      0.0004906246904283762,
      0.0020404397509992123,
      0.005341193173080683,
      8.181035293652883e-10,
      9.988307958508358e-10,
      0.0001919469068525359,
      0.001010214677080512,
      0.00756029924377799,
      0.6974517703056335,
      0.0006125327199697495,
      3.804842344834469e-05,
      0.0018191143171861768,
      1.0654648110755042e-16
    ],
    "rtv_scores": [
      4.543337345123291,
      5.287280559539795,
      5.237910270690918,
      4.788308143615723,
      4.718360900878906,
      5.452517032623291,
      5.73573637008667,
      5.774280548095703,
      5.321084499359131,
      5.09602165222168,
      5.205633640289307,
      5.133637428283691,
      5.134944438934326,
      4.347194671630859,
      4.14597749710083,
      4.369210720062256,
      6.286694526672363,
      5.954204559326172,
      5.827038764953613,
      5.736865520477295
    ]
  }
}