{
  "config": {
    "eps_train": 0.5,
    "pgd_steps_inner": 7,
    "epochs": 200,
    "clean_w": 0.5,
    "adv_w": 1.0
  },
  "baseline_clean": {
    "auroc": 0.9783653846153846,
    "tpr_at_fpr01": 0.515625,
    "threshold": 0.9202038337349598,
    "fpr": 0.019230769230769232
  },
  "self_attack": {
    "eps_0.001": {
      "evasion": 0.484375,
      "adv_fpr": 0.028846153846153848
    },
    "eps_0.01": {
      "evasion": 0.828125,
      "adv_fpr": 0.038461538461538464
    },
    "eps_0.05": {
      "evasion": 0.984375,
      "adv_fpr": 0.0673076923076923
    },
    "eps_0.1": {
      "evasion": 1.0,
      "adv_fpr": 0.25
    },
    "eps_0.5": {
      "evasion": 1.0,
      "adv_fpr": 1.0
    },
    "eps_1.0": {
      "evasion": 1.0,
      "adv_fpr": 1.0
    },
    "eps_5.0": {
      "evasion": 1.0,
      "adv_fpr": 1.0
    },
    "eps_20.0": {
      "evasion": 1.0,
      "adv_fpr": 1.0
    },
    "eps_100.0": {
      "evasion": 1.0,
      "adv_fpr": 0.0
    }
  },
  "static_chat": {
    "messages": [
      "hi",
      "hello",
      "hey",
      "bye",
      "goodbye",
      "how are you",
      "how are you doing",
      "what's up",
      "good morning",
      "good night",
      "thanks",
      "thank you",
      "yes",
      "no",
      "ok",
      "sure",
      "tell me a joke",
      "what time is it",
      "what is your name",
      "can you help me"
    ],
    "scores": [
      0.33543320311679825,
      0.0028155486202047237,
      0.02492801407498063,
      0.004397390026058428,
      0.0001248381754723799,
      0.011232684843241312,
      0.009034793607148596,
      0.0017209063704011509,
      0.09113162248469919,
      0.002179527659265936,
      0.0034202098173344193,
      0.0012224296697298778,
      0.0014491351052042902,
      0.6365810549641869,
      0.7252926005707263,
      0.10027699872995728,
      0.001193643866680301,
      4.8033284823431915e-06,
      0.004348696648580698,
      3.027361583516024e-05
    ],
    "flagged": 0,
    "flag_rate": 0.0
  }
}