{
  "hyperbolic": {
    "typed_acc": [
      0.6993197278911565,
      0.028769157079987073
    ],
    "binary_auroc": [
      0.9985405386644454,
      0.0018030289147785237
    ],
    "binary_tpr": [
      0.9482993197278912,
      0.09217373290841101
    ]
  },
  "euclidean": {
    "typed_acc": [
      0.7265306122448981,
      0.0383072332661254
    ],
    "binary_auroc": [
      0.914950367902263,
      0.051076429967771834
    ],
    "binary_tpr": [
      0.2312925170068027,
      0.3070432108720021
    ]
  },
  "c4_linear": {
    "binary_auroc": [
      0.9996980424822992,
      0.00020667881342440524
    ],
    "binary_tpr": [
      0.9867346938775511,
      0.01274489387428245
    ]
  }
}