{
  "hyperbolic": {
    "typed_acc": [
      0.7006802721088435,
      0.02483226156250882
    ],
    "binary_auroc": [
      0.9986290434541164,
      0.001847458922120759
    ],
    "binary_tpr": [
      0.9289115646258502,
      0.11127388696920999
    ]
  },
  "euclidean": {
    "typed_acc": [
      0.7350340136054423,
      0.03196917044220186
    ],
    "binary_auroc": [
      0.9240715674024711,
      0.03754697659130982
    ],
    "binary_tpr": [
      0.24081632653061227,
      0.19512843871168048
    ]
  },
  "c4_linear": {
    "binary_auroc": [
      0.9996980424822992,
      0.00020667881342440524
    ],
    "binary_tpr": [
      0.9867346938775511,
      0.01274489387428245
    ]
  }
}