{
  "config": {
    "harmful_npz": "results/harm_taxonomy_deep_llm_reps.npz",
    "dims": [
      16,
      32
    ],
    "curvatures": [
      1.0
    ],
    "seeds": 5,
    "epochs": 300,
    "beta": 0.0,
    "novel_leaf": false,
    "baselines": "",
    "stats": true,
    "output": "results/hyp_retr_harm_stats",
    "selftest": false,
    "build_benign_topic": null
  },
  "leaves": [
    "controlled_substances/synthesis",
    "cyber/intrusion",
    "cyber/malware",
    "fraud_theft/coercion",
    "fraud_theft/financial_fraud",
    "fraud_theft/theft",
    "hate_harassment/discrimination",
    "hate_harassment/harassment",
    "misinformation/fake_content",
    "privacy/surveillance",
    "regulatory_evasion/illegal_operation",
    "self_harm/self_harm",
    "violence/physical_harm",
    "violence/weapons"
  ],
  "cats": [
    "controlled_substances",
    "cyber",
    "fraud_theft",
    "hate_harassment",
    "misinformation",
    "privacy",
    "regulatory_evasion",
    "self_harm",
    "violence"
  ],
  "by_dim": {
    "d16_c1.0": {
      "hyperbolic": {
        "mAP_leaf": [
          0.5540858747569077,
          0.033126102382515656
        ],
        "mAP_parent": [
          0.5808505747883668,
          0.03194240054187502
        ],
        "nn_leaf_acc": [
          0.6653061224489796,
          0.0696274371805387
        ],
        "nn_parent_acc": [
          0.7326530612244897,
          0.053080844096489624
        ],
        "recall@1": [
          0.6653061224489796,
          0.0696274371805387
        ],
        "recall@5": [
          0.8581632653061225,
          0.018367346938775505
        ],
        "recall@10": [
          0.8989795918367347,
          0.015272070966424247
        ],
        "typed_acc": [
          0.7214285714285713,
          0.022027584841758055
        ],
        "tree_distortion": [
          0.7345135083678598,
          0.00019352978843108695
        ]
      },
      "euclidean": {
        "mAP_leaf": [
          0.47438018727578657,
          0.03579817609693534
        ],
        "mAP_parent": [
          0.4817725721879252,
          0.03931056333996467
        ],
        "nn_leaf_acc": [
          0.6775510204081632,
          0.03281211263431335
        ],
        "nn_parent_acc": [
          0.7397959183673469,
          0.02922004298627827
        ],
        "recall@1": [
          0.6775510204081632,
          0.03281211263431335
        ],
        "recall@5": [
          0.8438775510204082,
          0.014996875976223522
        ],
        "recall@10": [
          0.8979591836734695,
          0.019360883633683934
        ],
        "typed_acc": [
          0.7040816326530612,
          0.036507232285710844
        ],
        "tree_distortion": [
          0.7331739826048834,
          0.00527998864060023
        ]
      },
      "delta_H_minus_E": {
        "mAP_leaf": 0.0797,
        "mAP_parent": 0.0991,
        "nn_parent_acc": -0.0071,
        "typed_acc": 0.0173,
        "tree_distortion": 0.0013
      },
      "paired_bootstrap_H_minus_trainedE": {
        "mAP_parent_gap": {
          "mean": 0.09907800260044149,
          "ci_low": 0.08943444921704988,
          "ci_high": 0.10851872233105138,
          "p_value": 0.0,
          "n": 980
        },
        "mAP_leaf_gap": {
          "mean": 0.07970568748112121,
          "ci_low": 0.06954965245978144,
          "ci_high": 0.08978211697385292,
          "p_value": 0.0,
          "n": 980
        }
      }
    },
    "d32_c1.0": {
      "hyperbolic": {
        "mAP_leaf": [
          0.5906142092843277,
          0.024402272856129774
        ],
        "mAP_parent": [
          0.6213183936880096,
          0.026252178401795247
        ],
        "nn_leaf_acc": [
          0.7357142857142858,
          0.029291224682463923
        ],
        "nn_parent_acc": [
          0.7938775510204081,
          0.011899901826214912
        ],
        "recall@1": [
          0.7357142857142858,
          0.029291224682463923
        ],
        "recall@5": [
          0.8642857142857142,
          0.01600447667485523
        ],
        "recall@10": [
          0.8959183673469389,
          0.01050574504182347
        ],
        "typed_acc": [
          0.7214285714285713,
          0.02730426155155032
        ],
        "tree_distortion": [
          0.7346196442753331,
          0.0003707689136472256
        ]
      },
      "euclidean": {
        "mAP_leaf": [
          0.48644311624504377,
          0.03441790497763488
        ],
        "mAP_parent": [
          0.49153469217588885,
          0.03245751775952295
        ],
        "nn_leaf_acc": [
          0.689795918367347,
          0.04393683702369591
        ],
        "nn_parent_acc": [
          0.7387755102040816,
          0.04199819515766667
        ],
        "recall@1": [
          0.689795918367347,
          0.04393683702369591
        ],
        "recall@5": [
          0.8408163265306122,
          0.010894977808195202
        ],
        "recall@10": [
          0.8989795918367346,
          0.017196224026890545
        ],
        "typed_acc": [
          0.7336734693877551,
          0.03970423767008921
        ],
        "tree_distortion": [
          0.734273498372438,
          0.0022200122844789017
        ]
      },
      "delta_H_minus_E": {
        "mAP_leaf": 0.1042,
        "mAP_parent": 0.1298,
        "nn_parent_acc": 0.0551,
        "typed_acc": -0.0122,
        "tree_distortion": 0.0003
      },
      "paired_bootstrap_H_minus_trainedE": {
        "mAP_parent_gap": {
          "mean": 0.12978370151212068,
          "ci_low": 0.1208814624500835,
          "ci_high": 0.1388444094998622,
          "p_value": 0.0,
          "n": 980
        },
        "mAP_leaf_gap": {
          "mean": 0.10417109303928399,
          "ci_low": 0.09485810345512924,
          "ci_high": 0.11324212419968725,
          "p_value": 0.0,
          "n": 980
        }
      }
    }
  }
}