{
  "config": {
    "harmful_npz": "results/benign_topic_control_reps.npz",
    "dims": [
      32
    ],
    "curvatures": [
      0.05,
      0.25,
      0.5,
      1.0,
      2.0,
      4.0
    ],
    "seeds": 5,
    "epochs": 300,
    "beta": 0.0,
    "novel_leaf": false,
    "output": "results/hyp_retr_benign_curv32",
    "selftest": false,
    "build_benign_topic": null
  },
  "leaves": [
    "chat/alpaca_control",
    "chat/wildchat",
    "code/humaneval",
    "code/mbpp",
    "knowledge/mmlu",
    "math/gsm8k",
    "safety_adjacent/or_bench_hard",
    "text/wikitext_long",
    "text/wikitext_short"
  ],
  "cats": [
    "chat",
    "code",
    "knowledge",
    "math",
    "safety_adjacent",
    "text"
  ],
  "by_dim": {
    "d32_c0.05": {
      "hyperbolic": {
        "mAP_leaf": [
          0.42624835009552714,
          0.023301496665587167
        ],
        "mAP_parent": [
          0.4801675885929445,
          0.02519004472132921
        ],
        "nn_leaf_acc": [
          0.2574074074074074,
          0.06752420577913323
        ],
        "nn_parent_acc": [
          0.3388888888888889,
          0.053472611920265964
        ],
        "recall@1": [
          0.2574074074074074,
          0.06752420577913323
        ],
        "recall@5": [
          0.7061728395061728,
          0.08789308465478159
        ],
        "recall@10": [
          0.8771604938271604,
          0.041334985290822725
        ],
        "typed_acc": [
          0.961111111111111,
          0.0046193301071282954
        ],
        "tree_distortion": [
          0.7340919589657603,
          0.005758718177204696
        ]
      },
      "euclidean": {
        "mAP_leaf": [
          0.877507295028517,
          0.004778263650002068
        ],
        "mAP_parent": [
          0.7755360985061421,
          0.00819565188730337
        ],
        "nn_leaf_acc": [
          0.9493827160493827,
          0.012740597185524869
        ],
        "nn_parent_acc": [
          0.9771604938271604,
          0.007953147362176
        ],
        "recall@1": [
          0.9493827160493827,
          0.012740597185524869
        ],
        "recall@5": [
          0.9876543209876545,
          0.005164568065025128
        ],
        "recall@10": [
          0.9938271604938272,
          0.0033810034413899294
        ],
        "typed_acc": [
          0.9574074074074075,
          0.004536092116265122
        ],
        "tree_distortion": [
          0.7332081703851026,
          0.0024761609981430073
        ]
      },
      "delta_H_minus_E": {
        "mAP_leaf": -0.4513,
        "mAP_parent": -0.2954,
        "nn_parent_acc": -0.6383,
        "typed_acc": 0.0037,
        "tree_distortion": 0.0009
      }
    },
    "d32_c0.25": {
      "hyperbolic": {
        "mAP_leaf": [
          0.84190875870012,
          0.04260041175400895
        ],
        "mAP_parent": [
          0.8364137139696479,
          0.039914728637249326
        ],
        "nn_leaf_acc": [
          0.6932098765432099,
          0.20783869033708913
        ],
        "nn_parent_acc": [
          0.7691358024691357,
          0.22059935538942987
        ],
        "recall@1": [
          0.6932098765432099,
          0.20783869033708913
        ],
        "recall@5": [
          0.982716049382716,
          0.011315001715940343
        ],
        "recall@10": [
          0.9944444444444445,
          0.0030240614108434432
        ],
        "typed_acc": [
          0.9555555555555557,
          0.006048122821686848
        ],
        "tree_distortion": [
          0.7300919413221675,
          0.0003114442520631667
        ]
      },
      "euclidean": {
        "mAP_leaf": [
          0.877507295028517,
          0.004778263650002068
        ],
        "mAP_parent": [
          0.7755360985061421,
          0.00819565188730337
        ],
        "nn_leaf_acc": [
          0.9493827160493827,
          0.012740597185524869
        ],
        "nn_parent_acc": [
          0.9771604938271604,
          0.007953147362176
        ],
        "recall@1": [
          0.9493827160493827,
          0.012740597185524869
        ],
        "recall@5": [
          0.9876543209876545,
          0.005164568065025128
        ],
        "recall@10": [
          0.9938271604938272,
          0.0033810034413899294
        ],
        "typed_acc": [
          0.9574074074074075,
          0.004536092116265122
        ],
        "tree_distortion": [
          0.7332081703851026,
          0.0024761609981430073
        ]
      },
      "delta_H_minus_E": {
        "mAP_leaf": -0.0356,
        "mAP_parent": 0.0609,
        "nn_parent_acc": -0.208,
        "typed_acc": -0.0019,
        "tree_distortion": -0.0031
      }
    },
    "d32_c0.5": {
      "hyperbolic": {
        "mAP_leaf": [
          0.8971384580266571,
          0.01301585437050167
        ],
        "mAP_parent": [
          0.9054560443718312,
          0.023234221933803985
        ],
        "nn_leaf_acc": [
          0.8598765432098766,
          0.10719433953758023
        ],
        "nn_parent_acc": [
          0.9018518518518519,
          0.12017870146802921
        ],
        "recall@1": [
          0.8598765432098766,
          0.10719433953758023
        ],
        "recall@5": [
          0.9839506172839506,
          0.008373246892747238
        ],
        "recall@10": [
          0.9907407407407407,
          0.007038119908019363
        ],
        "typed_acc": [
          0.9530864197530864,
          0.008597770541471692
        ],
        "tree_distortion": [
          0.7305073105398716,
          0.0003051438264667685
        ]
      },
      "euclidean": {
        "mAP_leaf": [
          0.877507295028517,
          0.004778263650002068
        ],
        "mAP_parent": [
          0.7755360985061421,
          0.00819565188730337
        ],
        "nn_leaf_acc": [
          0.9493827160493827,
          0.012740597185524869
        ],
        "nn_parent_acc": [
          0.9771604938271604,
          0.007953147362176
        ],
        "recall@1": [
          0.9493827160493827,
          0.012740597185524869
        ],
        "recall@5": [
          0.9876543209876545,
          0.005164568065025128
        ],
        "recall@10": [
          0.9938271604938272,
          0.0033810034413899294
        ],
        "typed_acc": [
          0.9574074074074075,
          0.004536092116265122
        ],
        "tree_distortion": [
          0.7332081703851026,
          0.0024761609981430073
        ]
      },
      "delta_H_minus_E": {
        "mAP_leaf": 0.0196,
        "mAP_parent": 0.1299,
        "nn_parent_acc": -0.0753,
        "typed_acc": -0.0043,
        "tree_distortion": -0.0027
      }
    },
    "d32_c1.0": {
      "hyperbolic": {
        "mAP_leaf": [
          0.914590562407658,
          0.009138496037033608
        ],
        "mAP_parent": [
          0.9406014570858263,
          0.019022840671810932
        ],
        "nn_leaf_acc": [
          0.9487654320987655,
          0.010067596561913637
        ],
        "nn_parent_acc": [
          0.9864197530864198,
          0.003147542909625142
        ],
        "recall@1": [
          0.9487654320987655,
          0.010067596561913637
        ],
        "recall@5": [
          0.9808641975308643,
          0.0035993530215094605
        ],
        "recall@10": [
          0.9864197530864196,
          0.004186623446373599
        ],
        "typed_acc": [
          0.9549382716049383,
          0.009279812579242552
        ],
        "tree_distortion": [
          0.7312207142210332,
          0.0003832418239878895
        ]
      },
      "euclidean": {
        "mAP_leaf": [
          0.877507295028517,
          0.004778263650002068
        ],
        "mAP_parent": [
          0.7755360985061421,
          0.00819565188730337
        ],
        "nn_leaf_acc": [
          0.9493827160493827,
          0.012740597185524869
        ],