{
  "cache": "results/llama3_activations_cache_diverse_fixed.npz",
  "seeds": [
    42,
    43,
    44,
    45,
    46
  ],
  "part_a": {
    "HPS (Lorentz)": {
      "aurocs": [
        0.9890974204017683,
        0.9896211739690001,
        0.9921996530692183,
        0.990272508533378,
        0.9912181746964356
      ],
      "tprs": [
        0.9768339768339769,
        0.9768339768339769,
        0.9845559845559846,
        0.9791505791505791,
        0.9837837837837838
      ],
      "auroc_mean": 0.9904817861339602,
      "auroc_std": 0.0011130367303236414,
      "tpr_mean": 0.9802316602316603,
      "tpr_std": 0.0033339047328066283
    },
    "HPS-Euclidean (matched)": {
      "aurocs": [
        0.9678854009288791,
        0.9643780426389124,
        0.9710122544905153,
        0.9694633764198981,
        0.9674623692014996
      ],
      "tprs": [
        0.9297297297297298,
        0.9258687258687258,
        0.9351351351351351,
        0.9335907335907336,
        0.9312741312741313
      ],
      "auroc_mean": 0.968040288735941,
      "auroc_std": 0.0022193596688621585,
      "tpr_mean": 0.9311196911196911,
      "tpr_std": 0.0032174002557528616
    },
    "C4 (linear probe)": {
      "aurocs": [
        0.9983638296681774,
        0.9983638296681774,
        0.9983638296681774,
        0.9983638296681774,
        0.9983638296681774
      ],
      "tprs": [
        0.9953667953667954,
        0.9953667953667954,
        0.9953667953667954,
        0.9953667953667954,
        0.9953667953667954
      ],
      "auroc_mean": 0.9983638296681774,
      "auroc_std": 0.0,
      "tpr_mean": 0.9953667953667955,
      "tpr_std": 1.1102230246251565e-16
    }
  },
  "part_b": [
    {
      "n_total": 45,
      "n_per": 5,
      "hps": {
        "auroc": 0.8442056963796094,
        "tpr": 0.7011583011583011,
        "fpr": 0.06666666666666667
      },
      "euc": {
        "auroc": 0.7935045604610822,
        "tpr": 0.6092664092664093,
        "fpr": 0.06086956521739131
      },
      "c4": {
        "auroc": 0.9884639919422528,
        "tpr": 0.9613899613899614,
        "fpr": 0.08405797101449275
      },
      "hps_minus_euc": 0.09189189189189184
    },
    {
      "n_total": 90,
      "n_per": 10,
      "hps": {
        "auroc": 0.916962676962677,
        "tpr": 0.8231660231660232,
        "fpr": 0.0782608695652174
      },
      "euc": {
        "auroc": 0.8177180907615691,
        "tpr": 0.6138996138996139,
        "fpr": 0.09855072463768116
      },
      "c4": {
        "auroc": 0.9932270158357115,
        "tpr": 0.9783783783783784,
        "fpr": 0.09565217391304348
      },
      "hps_minus_euc": 0.20926640926640927
    },
    {
      "n_total": 225,
      "n_per": 25,
      "hps": {
        "auroc": 0.9773062503497286,
        "tpr": 0.9459459459459459,
        "fpr": 0.043478260869565216
      },
      "euc": {
        "auroc": 0.948083487213922,
        "tpr": 0.8864864864864865,
        "fpr": 0.05217391304347826
      },
      "c4": {
        "auroc": 0.9960293212467126,
        "tpr": 0.9806949806949807,
        "fpr": 0.05217391304347826
      },
      "hps_minus_euc": 0.05945945945945941
    },
    {
      "n_total": 450,
      "n_per": 50,
      "hps": {
        "auroc": 0.9603916960438701,
        "tpr": 0.9003861003861003,
        "fpr": 0.04927536231884058
      },
      "euc": {
        "auroc": 0.9259269207095293,
        "tpr": 0.8293436293436294,
        "fpr": 0.057971014492753624
      },
      "c4": {
        "auroc": 0.9959957473000951,
        "tpr": 0.9891891891891892,
        "fpr": 0.0927536231884058
      },
      "hps_minus_euc": 0.07104247104247097
    },
    {
      "n_total": 900,
      "n_per": 100,
      "hps": {
        "auroc": 0.9908096916792568,
        "tpr": 0.9791505791505791,
        "fpr": 0.04927536231884058
      },
      "euc": {
        "auroc": 0.9745979519892563,
        "tpr": 0.9436293436293436,
        "fpr": 0.05507246376811594
      },
      "c4": {
        "auroc": 0.9969514856471379,
        "tpr": 0.9907335907335907,
        "fpr": 0.0782608695652174
      },
      "hps_minus_euc": 0.03552123552123554
    },
    {
      "n_total": 2250,
      "n_per": 250,
      "hps": {
        "auroc": 0.988199876895529,
        "tpr": 0.9722007722007722,
        "fpr": 0.04927536231884058
      },
      "euc": {
        "auroc": 0.9668222259526607,
        "tpr": 0.9266409266409267,
        "fpr": 0.05507246376811594
      },
      "c4": {
        "auroc": 0.9979542275194448,
        "tpr": 0.993050193050193,
        "fpr": 0.06666666666666667
      },
      "hps_minus_euc": 0.04555984555984549
    }
  ]
}