{
  "Llama-3": {
    "auroc": 1.0,
    "tpr5": 1.0,
    "tpr1": 1.0,
    "mean_ben_per_layer": [
      0.3890209496021271,
      1.0515902042388916,
      9.145102500915527,
      17.464929580688477,
      24.991220474243164,
      35.49622344970703
    ],
    "mean_atk_per_layer": [
      0.7958486080169678,
      1.6489448547363281,
      10.05941390991211,
      19.151384353637695,
      28.512475967407227,
      153.0416717529297
    ],
    "diff_per_layer": [
      0.4068276584148407,
      0.5973546504974365,
      0.914311408996582,
      1.6864547729492188,
      3.5212554931640625,
      117.54544830322266
    ]
  },
  "Vicuna": {
    "auroc": 1.0,
    "tpr5": 1.0,
    "tpr1": 1.0,
    "mean_ben_per_layer": [
      0.6723410487174988,
      18.63096809387207,
      53.436988830566406,
      91.76497650146484,
      108.87325286865234,
      145.96302795410156
    ],
    "mean_atk_per_layer": [
      2.2084615230560303,
      4.787352561950684,
      60.01002502441406,
      96.8956069946289,
      116.63267517089844,
      171.74269104003906
    ],
    "diff_per_layer": [
      1.5361204147338867,
      -13.843615531921387,
      6.573036193847656,
      5.1306304931640625,
      7.759422302246094,
      25.7796630859375
    ]
  }
}