{
  "multi_seed": {
    "aurocs": [
      0.9999563473336479,
      0.9999775837659273,
      0.9999634261444077,
      0.9999811231713073,
      0.999979943369514
    ],
    "tprs": [
      1.0,
      1.0,
      1.0,
      1.0,
      1.0
    ],
    "mean_auroc": 0.9999716847569609,
    "std_auroc": 9.955178437851677e-06,
    "mean_tpr": 1.0,
    "std_tpr": 0.0
  },
  "computational_cost_ms_per_prompt": 0.807337760925293
}