{
  "config": {
    "n_seeds": 5,
    "total_epochs": 50,
    "epochs_to_check": [
      5,
      10,
      25,
      50
    ],
    "kappas": [
      0.1,
      0.5,
      1.0,
      2.0
    ],
    "device": "cuda",
    "hps_layers": [
      0,
      2,
      17,
      24,
      28,
      31
    ]
  },
  "summary": {
    "seeds_inverted": "0/5",
    "epochs_inverted": "0/4",
    "kappas_inverted": "0/4",
    "any_not_inverted": true
  },
  "seed_results": [
    {
      "benign_median": 3.2004451751708984,
      "attack_median": 3.4983155727386475,
      "benign_mean": 3.2041728496551514,
      "attack_mean": 3.4778881072998047,
      "benign_std": 0.020989922806620598,
      "attack_std": 0.0989423394203186,
      "diff_median": -0.297870397567749,
      "diff_mean": -0.2737152576446533,
      "inverted": false,
      "seed": 42,
      "radial_ben_sample": [
        3.1767282485961914,
        3.2029685974121094,
        3.187699556350708,
        3.1807966232299805,
        3.2383625507354736,
        3.222600221633911,
        3.203535795211792,
        3.299051284790039,
        3.2060890197753906,
        3.207102060317993,
        3.2183876037597656,
        3.2014167308807373,
        3.216158628463745,
        3.1868603229522705,
        3.1829748153686523,
        3.190976858139038,
        3.195409059524536,
        3.170912981033325,
        3.2050235271453857,
        3.18586802482605,
        3.190077543258667,
        3.1962413787841797,
        3.1918513774871826,
        3.2052719593048096,
        3.2020890712738037,
        3.2037365436553955,
        3.199690580368042,
        3.207867383956909,
        3.194735288619995,
        3.193481206893921,
        3.188553810119629,
        3.2206122875213623,
        3.259540319442749,
        3.181929349899292,
        3.1981289386749268,
        3.1983814239501953,
        3.184705972671509,
        3.209322929382324,
        3.2054827213287354,
        3.2415199279785156,
        3.257741928100586,
        3.195936918258667,
        3.206075668334961,
        3.232668876647949,
        3.213207960128784,
        3.194422483444214,
        3.193458318710327,
        3.215998411178589,
        3.2196130752563477,
        3.1890792846679688
      ],
      "radial_atk_sample": [
        3.47114634513855,
        3.479569673538208,
        3.578932762145996,
        3.2102692127227783,
        3.5139825344085693,
        3.5185863971710205,
        3.4694700241088867,
        3.444963216781616,
        3.5306851863861084,
        3.3543596267700195,
        3.5256175994873047,
        3.454435110092163,
        3.3883421421051025,
        3.5022552013397217,
        3.378211259841919,
        3.4972658157348633,
        3.6062748432159424,
        3.4784839153289795,
        3.571099042892456,
        3.233409881591797,
        3.5319764614105225,
        3.5387144088745117,
        3.581700325012207,
        3.527326822280884,
        3.5090115070343018,
        3.562757730484009,
        3.5330963134765625,
        3.332873582839966,
        3.3862667083740234,
        3.6026973724365234,
        3.5073280334472656,
        3.5625526905059814,
        3.393364906311035,
        3.297795295715332,
        3.4559288024902344,
        3.530388832092285,
        3.583794355392456,
        3.5372159481048584,
        3.488889694213867,
        3.4811599254608154,
        3.4842870235443115,
        3.504229784011841,
        3.503119468688965,
        3.6599419116973877,
        3.4354238510131836,
        3.5006625652313232,
        3.519617795944214,
        3.5128886699676514,
        3.5086355209350586,
        3.5016682147979736
      ]
    },
    {
      "benign_median": 3.2002594470977783,
      "attack_median": 3.5028889179229736,
      "benign_mean": 3.204397678375244,
      "attack_mean": 3.4824893474578857,
      "benign_std": 0.020664546638727188,
      "attack_std": 0.09984628856182098,
      "diff_median": -0.3026294708251953,
      "diff_mean": -0.2780916690826416,
      "inverted": false,
      "seed": 43,
      "radial_ben_sample": [
        3.180161237716675,
        3.1984024047851562,
        3.183732271194458,
        3.182922601699829,
        3.2324674129486084,
        3.2211825847625732,
        3.200670003890991,
        3.3140900135040283,
        3.1971962451934814,
        3.2039783000946045,
        3.217729330062866,
        3.20239520072937,
        3.221182107925415,
        3.185981512069702,
        3.1847009658813477,
        3.1917474269866943,
        3.1969454288482666,
        3.171788454055786,
        3.20740008354187,
        3.1831343173980713,
        3.1912755966186523,
        3.196945905685425,
        3.193361520767212,
        3.2020528316497803,
        3.2036383152008057,
        3.1990091800689697,
        3.1984803676605225,
        3.208040475845337,
        3.1939103603363037,
        3.1934731006622314,
        3.1911399364471436,
        3.2221248149871826,
        3.2538902759552,
        3.1797726154327393,
        3.1971654891967773,
        3.197421073913574,
        3.1885359287261963,
        3.2102603912353516,
        3.207050323486328,
        3.227937698364258,
        3.266003370285034,
        3.199596643447876,
        3.2054078578948975,
        3.2379848957061768,
        3.211947202682495,
        3.196359395980835,
        3.1971304416656494,
        3.223013162612915,
        3.2099111080169678,
        3.1887943744659424
      ],
      "radial_atk_sample": [
        3.4907124042510986,
        3.4852333068847656,
        3.578399658203125,
        3.210142135620117,
        3.521777391433716,
        3.527643918991089,
        3.4787111282348633,
        3.4457778930664062,
        3.5372066497802734,
        3.357884645462036,
        3.5270442962646484,
        3.4505093097686768,
        3.3977603912353516,
        3.510531187057495,
        3.3822832107543945,
        3.5017576217651367,
        3.609654664993286,
        3.4888927936553955,
        3.569662094116211,
        3.234153985977173,
        3.532581329345703,
        3.541699171066284,
        3.587501287460327,
        3.531704902648926,
        3.513885498046875,
        3.5723397731781006,
        3.532933473587036,
        3.3348772525787354,
        3.3905420303344727,
        3.578984022140503,
        3.5140602588653564,
        3.561018705368042,
        3.4003067016601562,
        3.302377700805664,
        3.463491201400757,
        3.536029815673828,
        3.581615447998047,
        3.542635679244995,
        3.496922492980957,
        3.483851432800293,
        3.4913721084594727,
        3.5082809925079346,
        3.506657361984253,
        3.6668288707733154,
        3.4449374675750732,
        3.5049521923065186,
        3.5243723392486572,
        3.511355400085449,
        3.507695198059082,
        3.5058670043945312
      ]
    },
    {
      "benign_median": 3.199327230453491,
      "attack_median": 3.5231292247772217,
      "benign_mean": 3.2030346393585205,
      "attack_mean": 3.5023505687713623,
      "benign_std": 0.019938375800848007,
      "attack_std": 0.10262858867645264,
      "diff_median": -0.32380199432373047,
      "diff_mean": -0.2993159294128418,
      "inverted": false,
      "seed": 44,