{
  "Llama-3-8B": {
    "C4 (linear probe on mean-pooled)": {
      "auroc": 1.0,
      "tpr": 1.0,
      "fpr": 0.052307692307692305
    },
    "Euclidean (matched parameters)": {
      "auroc": 0.9996271826333176,
      "tpr": 1.0,
      "fpr": 0.052307692307692305
    },
    "HPS (Lorentz + contrastive)": {
      "auroc": 0.999920953279849,
      "tpr": 1.0,
      "fpr": 0.04923076923076923
    },
    "Hyperbolic AE (reconstruction)": {
      "auroc": 0.48917059933931095,
      "tpr": 0.13190184049079753,
      "fpr": 0.04153846153846154
    },
    "Hyperbolic MLP (stacked Lorentz)": {
      "auroc": 0.9964452571967909,
      "tpr": 1.0,
      "fpr": 0.04461538461538461
    },
    "Lorentz Centroid (random proj)": {
      "auroc": 0.9634686172722982,
      "tpr": 0.7799079754601227,
      "fpr": 0.047692307692307694
    },
    "Hyperbolic + PCA (no training)": {
      "auroc": 0.9541375648890985,
      "tpr": 0.7384969325153374,
      "fpr": 0.03230769230769231
    }
  },
  "Vicuna-13B": {
    "C4 (linear probe on mean-pooled)": {
      "auroc": 1.0,
      "tpr": 1.0,
      "fpr": 0.038461538461538464
    },
    "Euclidean (matched parameters)": {
      "auroc": 0.9095552884615385,
      "tpr": 0.484375,
      "fpr": 0.019230769230769232
    },
    "HPS (Lorentz + contrastive)": {
      "auroc": 0.9359975961538461,
      "tpr": 0.703125,
      "fpr": 0.038461538461538464
    },
    "Hyperbolic AE (reconstruction)": {
      "auroc": 0.5405649038461539,
      "tpr": 0.140625,
      "fpr": 0.038461538461538464
    },
    "Hyperbolic MLP (stacked Lorentz)": {
      "auroc": 1.0,
      "tpr": 1.0,
      "fpr": 0.019230769230769232
    },
    "Lorentz Centroid (random proj)": {
      "auroc": 0.8599759615384616,
      "tpr": 0.453125,
      "fpr": 0.038461538461538464
    },
    "Hyperbolic + PCA (no training)": {
      "auroc": 0.9798677884615384,
      "tpr": 0.75,
      "fpr": 0.038461538461538464
    }
  }
}