{
  "config": {
    "device": "cuda",
    "epochs": 50,
    "seed": 42,
    "llama_layers_full": [
      0,
      2,
      17,
      24,
      28,
      31
    ],
    "vicuna_layers_full": [
      0,
      2,
      22,
      31,
      35,
      39
    ],
    "vicuna_layers_deep": [
      22,
      31,
      35,
      39
    ]
  },
  "results": {
    "A_llama_full_default": {
      "name": "A. Llama-3 FULL data (default config)",
      "n_train": 10416,
      "n_train_ben": 5200,
      "n_train_atk": 5216,
      "n_test": 2604,
      "n_layers": 6,
      "d_hidden": 4096,
      "proj_dim": 64,
      "epochs": 50,
      "weight_decay": 1e-05,
      "kappa_init": 0.1,
      "final_loss": 0.7935400009155273,
      "loss_history": [
        2.3463122844696045,
        1.9396060705184937,
        1.8271558284759521,
        1.74555242061615,
        1.6597330570220947,
        1.581647276878357,
        1.51438307762146,
        1.4545695781707764,
        1.3984370231628418,
        1.3458188772201538,
        1.3000385761260986,
        1.2625863552093506,
        1.2307865619659424,
        1.2011198997497559,
        1.1724457740783691,
        1.1454148292541504,
        1.1204484701156616,
        1.0971198081970215,
        1.0748411417007446,
        1.0536729097366333,
        1.034067153930664,
        1.0161380767822266,
        0.9995540380477905,
        0.984135091304779,
        0.970003604888916,
        0.9570473432540894,
        0.9448206424713135,
        0.9330539107322693,
        0.9218912124633789,
        0.9115457534790039,
        0.9020413160324097,
        0.8932947516441345,
        0.8852288722991943,
        0.8777024745941162,
        0.8705658912658691,
        0.8636755347251892,
        0.8569848537445068,
        0.8505524396896362,
        0.844458281993866,
        0.8387335538864136,
        0.8332927227020264,
        0.828072726726532,
        0.8230880498886108,
        0.8183667063713074,
        0.8138725161552429,
        0.809533953666687,
        0.8053125143051147,
        0.8012311458587646,
        0.7973073720932007,
        0.7935400009155273
      ],
      "hps_train_auroc": 0.9998987951274186,
      "hps_test_auroc": 0.9999728645587542,
      "hps_test_tpr5": 1.0,
      "hps_train_test_gap": -7.40694313355883e-05,
      "c4_test_auroc": 0.9999952807928268,
      "c4_test_tpr5": 1.0,
      "hps_minus_c4_tpr5": 0.0
    },
    "B_llama_matched_default": {
      "name": "B. Llama-3 SUBSAMPLED to Vicuna size, default config",
      "n_train": 668,
      "n_train_ben": 334,
      "n_train_atk": 334,
      "n_test": 2604,
      "n_layers": 6,
      "d_hidden": 4096,
      "proj_dim": 64,
      "epochs": 50,
      "weight_decay": 1e-05,
      "kappa_init": 0.1,
      "final_loss": 0.7088403701782227,
      "loss_history": [
        2.34676456451416,
        1.9164570569992065,
        1.7908728122711182,
        1.6938894987106323,
        1.5938881635665894,
        1.507200002670288,
        1.4352593421936035,
        1.3708882331848145,
        1.3096098899841309,
        1.2530443668365479,
        1.2049769163131714,
        1.1656956672668457,
        1.1317336559295654,
        1.0997920036315918,
        1.0695151090621948,
        1.0419137477874756,
        1.0169780254364014,
        0.9937338829040527,
        0.9716706275939941,
        0.9510170221328735,
        0.9319565296173096,
        0.9143688082695007,
        0.8982008695602417,
        0.8836013674736023,
        0.8705142736434937,
        0.8584374785423279,
        0.8468871116638184,
        0.8358332514762878,
        0.825579822063446,
        0.8162940740585327,
        0.8078494071960449,
        0.80003821849823,
        0.7926813364028931,
        0.7856652736663818,
        0.7789536714553833,
        0.7725234031677246,
        0.7663570642471313,
        0.7604925632476807,
        0.7549940943717957,
        0.7498555183410645,
        0.7449840307235718,
        0.7403291463851929,
        0.7358753085136414,
        0.7315707206726074,
        0.7273833751678467,
        0.7233411073684692,
        0.7194988131523132,
        0.7158460021018982,
        0.7123112082481384,
        0.7088403701782227
      ],
      "hps_train_auroc": 1.0,
      "hps_test_auroc": 0.9998678621991505,
      "hps_test_tpr5": 0.9992331288343558,
      "hps_train_test_gap": 0.00013213780084952997,
      "c4_test_auroc": 0.9998949976403964,
      "c4_test_tpr5": 1.0,
      "hps_minus_c4_tpr5": -0.0007668711656442229
    },
    "C_llama_matched_regularized": {
      "name": "C. Llama-3 SUBSAMPLED + strong regularization",
      "n_train": 668,
      "n_train_ben": 334,
      "n_train_atk": 334,
      "n_test": 2604,
      "n_layers": 6,
      "d_hidden": 4096,
      "proj_dim": 32,
      "epochs": 20,
      "weight_decay": 0.001,
      "kappa_init": 0.1,
      "final_loss": 0.9495950937271118,
      "loss_history": [
        2.374107837677002,
        1.9256000518798828,
        1.780853509902954,
        1.696789026260376,
        1.6079785823822021,
        1.5150847434997559,
        1.4326751232147217,
        1.366612195968628,
        1.309983253479004,
        1.2571556568145752,
        1.2086889743804932,
        1.1666667461395264,
        1.1313042640686035,
        1.1007282733917236,
        1.0722956657409668,
        1.044407606124878,
        1.0175243616104126,
        0.9928641319274902,
        0.9705091714859009,
        0.9495950937271118
      ],
      "hps_train_auroc": 0.9999103589228727,
      "hps_test_auroc": 0.9941593912222746,
      "hps_test_tpr5": 0.973159509202454,
      "hps_train_test_gap": 0.005750967700598131,
      "c4_test_auroc": 0.9998949976403964,
      "c4_test_tpr5": 1.0,
      "hps_minus_c4_tpr5": -0.026840490797546024
    },
    "D_vicuna_baseline": {
      "name": "D. Vicuna BASELINE (default config: 6 layers, 50 epochs, wd=1e-5)",
      "n_train": 669,
      "n_train_ben": 416,
      "n_train_atk": 253,
      "n_test": 167,
      "n_layers": 6,
      "d_hidden": 5120,
      "proj_dim": 64,
      "epochs": 50,
      "weight_decay": 1e-05,
      "kappa_init": 0.1,
      "final_loss": 0.6008195877075195,
      "loss_history": [
        3.03576922416687,
        2.333918333053589,
        2.0609354972839355,
        1.8722370862960815,
        1.7173056602478027,
        1.5807371139526367,
        1.4637211561203003,
        1.3715131282806396,
        1.2996137142181396,
        1.2349952459335327,
        1.1702971458435059,
        1.1096197366714478,
        1.059210181236267,
        1.0182864665985107,
        0.9812864661216736,
        0.9460197687149048,
        0.9145016670227051,
        0.8880614042282104,
        0.8655576109886169,
        0.8450918197631836,
        0.8259024024009705,
        0.8086938261985779,
        0.7937151193618774,
        0.7800566554069519,
        0.7668532729148865,
        0.7539942264556885,
        0.7417232394218445,
        0.7305147647857666,
        0.7206450700759888,
        0.7116737365722656,
        0.7030035257339478,
        0.6945477724075317,
        0.6865091323852539,
        0.6790587902069092,
        0.6722326278686523,
        0.6659507155418396,
        0.6600611209869385,
        0.6543842554092407,
        0.6487981081008911,
        0.6433846950531006,
        0.638282299041748,
        0.6334580779075623,
        0.6288256049156189,
        0.6243922710418701,
        0.6201520562171936,
        0.616032063961029,
        0.6120080947875977,
        0.6081320643424988,
        0.6044260859489441,
        0.6008195877075195
      ],
      "hps_train_auroc": 1.0,
      "hps_test_auroc": 0.9536019536019535,
      "hps_test_tpr5": 0.8095238095238095,
      "hps_train_test_gap": 0.046398046398046455,
      "c4_test_auroc": 1.0,
      "c4_test_tpr5": 1.0,
      "hps_minus_c4_tpr5": -0.19047619047619047
    },
    "E_vicuna_drop_shallow": {
      "name": "E. Vicuna FIX 1: drop shallow layers (use [22,31,35,39] only)",