{
  "config": {
    "device": "cuda",
    "llama_layers": [
      0,
      2,
      17,
      24,
      28,
      31
    ],
    "vicuna_layers": [
      0,
      2,
      22,
      31,
      35,
      39
    ],
    "kappa_init": 0.1,
    "epochs": 50
  },
  "H1_hyperbolicity": {
    "per_layer": {
      "Llama-3": {
        "layer_0": {
          "delta_median": 0.0027139410376548767,
          "delta_mean": 0.004260157346725464,
          "delta_max": 0.030453741550445557
        },
        "layer_2": {
          "delta_median": 0.005952417850494385,
          "delta_mean": 0.008161681540310382,
          "delta_max": 0.05545663833618164
        },
        "layer_17": {
          "delta_median": 0.010761737823486328,
          "delta_mean": 0.013592331409454346,
          "delta_max": 0.06855487823486328
        },
        "layer_24": {
          "delta_median": 0.009549200534820557,
          "delta_mean": 0.01185948334634304,
          "delta_max": 0.08646804094314575
        },
        "layer_28": {
          "delta_median": 0.008614033460617065,
          "delta_mean": 0.011114975482225418,
          "delta_max": 0.07937335968017578
        },
        "layer_31": {
          "delta_median": 0.015588223934173584,
          "delta_mean": 0.020111922457814218,
          "delta_max": 0.11342114210128784
        }
      },
      "Vicuna": {
        "layer_0": {
          "delta_median": 0.0004423409700393677,
          "delta_mean": 0.000748546204995364,
          "delta_max": 0.00644838809967041
        },
        "layer_2": {
          "delta_median": 0.0005431324243545532,
          "delta_mean": 0.000827910739928484,
          "delta_max": 0.00593528151512146
        },
        "layer_22": {
          "delta_median": 0.00848706066608429,
          "delta_mean": 0.011028567478060722,
          "delta_max": 0.058299362659454346
        },
        "layer_31": {
          "delta_median": 0.008645504713058472,
          "delta_mean": 0.010929225221276283,
          "delta_max": 0.05330139398574829
        },
        "layer_35": {
          "delta_median": 0.008383870124816895,
          "delta_mean": 0.010556158855557442,
          "delta_max": 0.052175700664520264
        },
        "layer_39": {
          "delta_median": 0.010873556137084961,
          "delta_mean": 0.014373155429959298,
          "delta_max": 0.07799422740936279
        }
      }
    },
    "avg_delta_llama3": 0.008863259106874466,
    "avg_delta_vicuna": 0.00622924417257309,
    "diff": -0.0026340149343013763,
    "verdict": "INCONCLUSIVE_H1"
  },
  "H2_capacity": {
    "Llama-3": {
      "C4_full": {
        "auroc": 0.9999952807928268,
        "tpr5": 1.0,
        "n_dims": 4096
      },
      "C4_PCA64": {
        "auroc": 0.9999722746578575,
        "tpr5": 1.0,
        "n_dims": 64
      },
      "C4_random64": {
        "auroc": 0.9969932751297783,
        "tpr5": 0.9900306748466258,
        "n_dims": 64
      }
    },
    "Vicuna": {
      "C4_full": {
        "auroc": 1.0,
        "tpr5": 1.0,
        "n_dims": 5120
      },
      "C4_PCA64": {
        "auroc": 1.0,
        "tpr5": 1.0,
        "n_dims": 64
      },
      "C4_random64": {
        "auroc": 0.936050061050061,
        "tpr5": 0.6349206349206349,
        "n_dims": 64
      }
    },
    "verdict": "CONTRADICTS_H2",
    "llama_drop": 0.0,
    "vicuna_drop": 0.0
  },
  "H3_per_layer_signal": {
    "per_layer": {
      "Llama-3": [
        {
          "layer": 0,
          "auroc": 0.9982462246342614,
          "tpr5": 0.9961656441717791
        },
        {
          "layer": 2,
          "auroc": 0.9999575271354412,
          "tpr5": 1.0
        },
        {
          "layer": 17,
          "auroc": 0.9999970504955168,
          "tpr5": 1.0
        },
        {
          "layer": 24,
          "auroc": 0.9999970504955168,
          "tpr5": 1.0
        },
        {
          "layer": 28,
          "auroc": 0.9999952807928267,
          "tpr5": 1.0
        },
        {
          "layer": 31,
          "auroc": 0.9999858423784803,
          "tpr5": 1.0
        }
      ],
      "Vicuna": [
        {
          "layer": 0,
          "auroc": 0.9951159951159951,
          "tpr5": 0.9841269841269841
        },
        {
          "layer": 2,
          "auroc": 0.9948107448107448,
          "tpr5": 1.0
        },
        {
          "layer": 22,
          "auroc": 1.0,
          "tpr5": 1.0
        },
        {
          "layer": 31,
          "auroc": 1.0,
          "tpr5": 1.0
        },
        {
          "layer": 35,
          "auroc": 1.0,
          "tpr5": 1.0
        },
        {
          "layer": 39,
          "auroc": 1.0,
          "tpr5": 1.0
        }
      ]
    },
    "llama_cross_layer_std": 0.000648727469315372,
    "vicuna_cross_layer_std": 0.002375924792192832,
    "verdict": "SIMILAR_DISTRIBUTION"
  },
  "H4_refusal_direction": {
    "per_layer": {
      "Llama-3": [
        {
          "layer": 0,
          "refusal_norm": 0.2759999632835388,
          "snr": 0.3931030117662579,
          "d_prime": 1.6143821652141652
        },
        {
          "layer": 2,
          "refusal_norm": 0.7496500015258789,
          "snr": 0.4768504358065417,
          "d_prime": 2.359396678163113
        },
        {
          "layer": 17,
          "refusal_norm": 4.974013328552246,
          "snr": 0.48168978266543244,
          "d_prime": 3.435379649560515
        },
        {
          "layer": 24,
          "refusal_norm": 7.957366466522217,
          "snr": 0.41242184558515416,
          "d_prime": 2.904453848685631
        },
        {
          "layer": 28,
          "refusal_norm": 10.913214683532715,
          "snr": 0.383595961750059,
          "d_prime": 2.9174960832736563
        },
        {
          "layer": 31,
          "refusal_norm": 78.26498413085938,
          "snr": 0.5071448741512248,
          "d_prime": 2.5882762160428534
        }
      ],
      "Vicuna": [
        {
          "layer": 0,
          "refusal_norm": 16.102739334106445,
          "snr": 1.36320795997361,
          "d_prime": 0.7719843472643247
        },
        {
          "layer": 2,
          "refusal_norm": 22.025663375854492,
          "snr": 1.251618174266806,
          "d_prime": 0.768627176010428
        },
        {
          "layer": 22,
          "refusal_norm": 21.909263610839844,
          "snr": 0.35343030117566393,
          "d_prime": 2.7821882687897697
        },
        {
          "layer": 31,
          "refusal_norm": 32.40871047973633,
          "snr": 0.32397058885341723,
          "d_prime": 2.689525731423547
        },
        {
          "layer": 35,
          "refusal_norm": 37.453125,
          "snr": 0.3167460888424146,
          "d_prime": 2.7093295651626694
        },
        {
          "layer": 39,
          "refusal_norm": 54.49849319458008,
          "snr": 0.32160882061678414,
          "d_prime": 2.6286065072529805
        }
      ]
    },
    "avg_dprime_llama3": 2.636564106823322,
    "avg_dprime_vicuna": 2.05837693265062,
    "diff": -0.5781871741727023,
    "verdict": "SUPPORTS_H4"
  },
  "H5_optimization": {
    "Llama-3": {
      "final_loss": 0.7935400009155273,