{
  "threshold": 0.31871647814925586,
  "n_test": 50,
  "results": {
    "eps_0.001": {
      "evasion": 0.1,
      "mean_score": 0.7374376491084695
    },
    "eps_0.005": {
      "evasion": 0.2,
      "mean_score": 0.6230658078938722
    },
    "eps_0.01": {
      "evasion": 0.28,
      "mean_score": 0.5361143255326897
    },
    "eps_0.05": {
      "evasion": 0.94,
      "mean_score": 0.07542876361781964
    },
    "eps_0.1": {
      "evasion": 1.0,
      "mean_score": 0.005583489074870158
    },
    "eps_0.5": {
      "evasion": 1.0,
      "mean_score": 2.9253609167376738e-05
    }
  }
}