{
  "8": {
    "sphere (unit, +curv)": {
      "orc_median": -0.5,
      "frac_neg": 0.8601333333333333,
      "delta_rel": 0.43121963911030753
    },
    "random Gaussian (null)": {
      "orc_median": -0.3999999999999999,
      "frac_neg": 0.8264666666666667,
      "delta_rel": 0.2800397211276556
    },
    "GMM 8 clusters": {
      "orc_median": 0.0,
      "frac_neg": 0.4504,
      "delta_rel": 0.42565708907533845
    },
    "flat plane (2D)": {
      "orc_median": 0.19999999999999996,
      "frac_neg": 0.2712,
      "delta_rel": 0.2640345096428879
    },
    "tree / ultrametric (hyperbolic)": {
      "orc_median": 1.0,
      "frac_neg": 0.06758720930232558,
      "delta_rel": 0.2581556659158159
    }
  },
  "64": {
    "sphere (unit, +curv)": {
      "orc_median": -1.0,
      "frac_neg": 0.9998666666666667,
      "delta_rel": 0.2357079210456844
    },
    "random Gaussian (null)": {
      "orc_median": -0.5,
      "frac_neg": 0.9900666666666667,
      "delta_rel": 0.20613088557387715
    },
    "GMM 8 clusters": {
      "orc_median": 0.0,
      "frac_neg": 0.4679333333333333,
      "delta_rel": 0.16103176889689158
    },
    "flat plane (2D)": {
      "orc_median": 0.19999999999999996,
      "frac_neg": 0.25893333333333335,
      "delta_rel": 0.25725821847135155
    },
    "tree / ultrametric (hyperbolic)": {
      "orc_median": 0.8,
      "frac_neg": 0.029581046713960647,
      "delta_rel": 0.3973094400714713
    }
  },
  "768": {
    "sphere (unit, +curv)": {
      "orc_median": -1.1,
      "frac_neg": 1.0,
      "delta_rel": 0.08563423158124732
    },
    "random Gaussian (null)": {
      "orc_median": -0.5,
      "frac_neg": 0.9939333333333333,
      "delta_rel": 0.08264553689058103
    },
    "GMM 8 clusters": {
      "orc_median": 0.0,
      "frac_neg": 0.4832,
      "delta_rel": 0.06375135507560069
    },
    "flat plane (2D)": {
      "orc_median": 0.19999999999999996,
      "frac_neg": 0.2888,
      "delta_rel": 0.23865515442090585
    },
    "tree / ultrametric (hyperbolic)": {
      "orc_median": 0.8,
      "frac_neg": 0.019672131147540985,
      "delta_rel": 0.44096562915097703
    }
  },
  "4096": {
    "sphere (unit, +curv)": {
      "orc_median": -1.1,
      "frac_neg": 1.0,
      "delta_rel": 0.03950275903172556
    },
    "random Gaussian (null)": {
      "orc_median": -0.5,
      "frac_neg": 0.996,
      "delta_rel": 0.03920270622750494
    },
    "GMM 8 clusters": {
      "orc_median": 0.0,
      "frac_neg": 0.4447333333333333,
      "delta_rel": 0.03148163544577848
    },
    "flat plane (2D)": {
      "orc_median": 0.19999999999999996,
      "frac_neg": 0.2750666666666667,
      "delta_rel": 0.26714739108389035
    },
    "tree / ultrametric (hyperbolic)": {
      "orc_median": 0.8,
      "frac_neg": 0.02156586966713549,
      "delta_rel": 0.4539954862848836
    }
  }
}