{
  "hyperbolic": {
    "binary_auroc": [
      0.998353180623633,
      0.0016815271027386005
    ],
    "binary_tpr": [
      0.988685884003963,
      0.011723277647059
    ]
  },
  "euclidean": {
    "binary_auroc": [
      0.9983970551277543,
      0.0020055654592705816
    ],
    "binary_tpr": [
      0.9843080556128946,
      0.018104199684364903
    ]
  },
  "c4_linear": {
    "binary_auroc": [
      0.999766179387605,
      0.00014877248261108264
    ],
    "binary_tpr": [
      0.9958921490880254,
      0.0038390245801972755
    ]
  }
}