{
  "harm-decision reps (last-token)": {
    "H": 0.08231468236885829,
    "E": 0.1049311278455376,
    "S": 0.07727895577006573,
    "winner": "S"
  },
  "token embeddings (HELM subspace)": {
    "H": 0.00256809946608205,
    "E": 0.8879592084201172,
    "S": 0.38107747313104473,
    "winner": "H"
  }
}