{
  "5": {
    "0": {
      "H": 0.10145931580182702,
      "E": 0.10216448417425252,
      "S": 0.0954555444016584,
      "winner": "S"
    },
    "1": {
      "H": 0.11288567063497203,
      "E": 0.1269366003240099,
      "S": 0.11833050580131946,
      "winner": "H"
    },
    "2": {
      "H": 0.09231965852247037,
      "E": 0.09776125025982978,
      "S": 0.09698640655193776,
      "winner": "H"
    },
    "3": {
      "H": 0.10032273115354139,
      "E": 0.1364519057815471,
      "S": 0.1099151134839407,
      "winner": "H"
    },
    "4": {
      "H": 0.09757771185176699,
      "E": 0.14030248521760696,
      "S": 0.13475872686840068,
      "winner": "H"
    },
    "5": {
      "H": 0.1018179812360847,
      "E": 0.10576913986389644,
      "S": 0.10297483807694481,
      "winner": "H"
    },
    "6": {
      "H": 0.16176329208824547,
      "E": 0.12276550919043824,
      "S": 0.10995706525143593,
      "winner": "S"
    },
    "7": {
      "H": 0.10641774434236712,
      "E": 0.12863954553359502,
      "S": 0.12596204533810862,
      "winner": "H"
    },
    "8": {
      "H": 0.11070106485175411,
      "E": 0.1461392230050907,
      "S": 0.12337980287987252,
      "winner": "H"
    },
    "9": {
      "H": 0.1262485312311026,
      "E": 0.14498461479881358,
      "S": 0.12683449042734482,
      "winner": "H"
    },
    "10": {
      "H": 0.12884110131699997,
      "E": 0.12243027822100408,
      "S": 0.10895280141725396,
      "winner": "S"
    },
    "11": {
      "H": 0.111136291568838,
      "E": 0.12245671355011734,
      "S": 0.1127146555861046,
      "winner": "H"
    },
    "12": {
      "H": 0.13781311246260985,
      "E": 0.19864206452468064,
      "S": 0.15571567558646315,
      "winner": "H"
    },
    "13": {
      "H": 0.133060957993566,
      "E": 0.16275444443318343,
      "S": 0.11817873213737662,
      "winner": "S"
    },
    "14": {
      "H": 0.11147731540825952,
      "E": 0.12127847972322814,
      "S": 0.10739724228001737,
      "winner": "S"
    },
    "15": {
      "H": 0.12296770300598271,
      "E": 0.1443867358348335,
      "S": 0.12618425154492108,
      "winner": "H"
    },
    "16": {
      "H": 0.11198459058921006,
      "E": 0.15025743580946274,
      "S": 0.11453902974314523,
      "winner": "H"
    },
    "17": {
      "H": 0.13218667500003148,
      "E": 0.13359813437651813,
      "S": 0.1072258253085787,
      "winner": "S"
    },
    "18": {
      "H": 0.11363506317771378,
      "E": 0.1316685768113034,
      "S": 0.11659573746623865,
      "winner": "H"
    },
    "19": {
      "H": 0.11535389436372667,
      "E": 0.12327578062396875,
      "S": 0.11013193809086201,
      "winner": "S"
    },
    "20": {
      "H": 0.12214164286728493,
      "E": 0.12471987359028858,
      "S": 0.11259475066234088,
      "winner": "S"
    },
    "21": {
      "H": 0.11270707339884663,
      "E": 0.1199769796889243,
      "S": 0.10716085176503594,
      "winner": "S"
    },
    "22": {
      "H": 0.09995198930509425,
      "E": 0.11530241991083584,
      "S": 0.10938474681923076,
      "winner": "H"
    },
    "23": {
      "H": 0.11651731515213898,
      "E": 0.11328300825599776,
      "S": 0.10402682332094718,
      "winner": "S"
    },
    "24": {
      "H": 0.15953465450010496,
      "E": 0.1551710157934899,
      "S": 0.11484364719652984,
      "winner": "S"
    },
    "25": {
      "H": 0.12772896972142014,
      "E": 0.17363059711320267,
      "S": 0.14320053204586652,
      "winner": "H"
    },
    "26": {
      "H": 0.11645166682019725,
      "E": 0.12887432939932952,
      "S": 0.12200025905325963,
      "winner": "H"
    },
    "27": {
      "H": 0.10782077810499005,
      "E": 0.15918351763614816,
      "S": 0.14710057487300496,
      "winner": "H"
    },
    "28": {
      "H": 0.0962176740591621,
      "E": 0.1271332554094288,
      "S": 0.1175884056920098,
      "winner": "H"
    },
    "29": {
      "H": 0.12172416075590563,
      "E": 0.14738668047759285,
      "S": 0.11679451882434536,
      "winner": "S"
    },
    "30": {
      "H": 0.10439421035570202,
      "E": 0.16738981548196494,
      "S": 0.14274864882472355,
      "winner": "H"
    },
    "31": {
      "H": 0.09880264851226368,
      "E": 0.11298065539464881,
      "S": 0.10641071124562612,
      "winner": "H"
    }
  },
  "10": {
    "0": {
      "H": 0.08681816921303442,
      "E": 0.09226767621317429,
      "S": 0.0784313046208029,
      "winner": "S"
    },
    "1": {
      "H": 0.07619002195244164,
      "E": 0.09497124787997233,
      "S": 0.08794971718580828,
      "winner": "H"
    },
    "2": {
      "H": 0.07266247159008711,
      "E": 0.07874046559940287,
      "S": 0.07552810714404794,
      "winner": "H"
    },
    "3": {
      "H": 0.08354482457930013,
      "E": 0.09971133431828667,
      "S": 0.08777671773960875,
      "winner": "H"
    },
    "4": {
      "H": 0.06872000539338462,
      "E": 0.08297847436324553,
      "S": 0.07577484079195392,
      "winner": "H"
    },
    "5": {
      "H": 0.08635472900106023,
      "E": 0.11463009601409277,
      "S": 0.08628377519919772,
      "winner": "S"
    },
    "6": {
      "H": 0.08005556788815577,
      "E": 0.10961589884247833,
      "S": 0.0817518127557506,
      "winner": "H"
    },
    "7": {
      "H": 0.08598680851879935,
      "E": 0.10460479461501372,
      "S": 0.09146734868810903,
      "winner": "H"
    },
    "8": {
      "H": 0.0736639410821514,
      "E": 0.09021851128461426,
      "S": 0.08307778652043496,
      "winner": "H"
    },
    "9": {
      "H": 0.07533999370404795,
      "E": 0.09310679309759126,
      "S": 0.07577657299000273,
      "winner": "H"
    },
    "10": {
      "H": 0.07678427184404665,
      "E": 0.09563408225855963,
      "S": 0.07901229633454139,
      "winner": "H"
    },
    "11": {
      "H": 0.07654172955555266,
      "E": 0.09639098053629509,
      "S": 0.07847598824550081,
      "winner": "H"
    },
    "12": {
      "H": 0.06649893287005225,
      "E": 0.08036190318485083,
      "S": 0.0750884522837574,
      "winner": "H"
    },
    "13": {
      "H": 0.07853738991780142,
      "E": 0.0974756771031828,
      "S": 0.08671393172509637,
      "winner": "H"
    },
    "14": {
      "H": 0.07112279956804093,
      "E": 0.08912257016996936,
      "S": 0.07692820526500685,
      "winner": "H"
    },
    "15": {
      "H": 0.0743699449601922,
      "E": 0.09527778815879845,
      "S": 0.07633991036753277,
      "winner": "H"
    },
    "16": {
      "H": 0.0789283664426938,
      "E": 0.08993143893025633,
      "S": 0.08026359762444521,
      "winner": "H"
    },
    "17": {
      "H": 0.08022798280126389,
      "E": 0.09357908467585731,
      "S": 0.07868779571077454,
      "winner": "S"
    },
    "18": {
      "H": 0.0806160742680766,
      "E": 0.1047674466525298,
      "S": 0.07638834003936161,
      "winner": "S"
    },
    "19": {
      "H": 0.08711513619761548,
      "E": 0.10936858748357975,
      "S": 0.08255635572538968,
      "winner": "S"
    },
    "20": {
      "H": 0.08322982605309467,
      "E": 0.10308518764912797,
      "S": 0.0785678241835008,
      "winner": "S"
    },
    "21": {
      "H": 0.07731245046770822,
      "E": 0.09904686109487196,
      "S": 0.07660306109590159,
      "winner": "S"
    },
    "22": {
      "H": 0.08349972985680229,
      "E": 0.10371256813061396,
      "S": 0.08117855502203339,
      "winner": "S"
    },
    "23": {
      "H": 0.07862676411621757,
      "E": 0.09571279906905009,
      "S": 0.08050409581865202,
      "winner": "H"
    },
    "24": {
      "H": 0.06664723728089722,
      "E": 0.08289274993300383,
      "S": 0.07663059134618297,
      "winner": "H"
    },
    "25": {
      "H": 0.06746951230375986,
      "E": 0.08001128076413712,
      "S": 0.07444951084677726,
      "winner": "H"
    },
    "26": {
      "H": 0.06804078923528177,
      "E": 0.08331524960075895,
      "S": 0.0786020673136398,
      "winner": "H"
    },
    "27": {
      "H": 0.0641408671300678,