{
  "baseline": {
    "raw": {
      "auroc": 1.0,
      "tpr_at_fpr01": 1.0
    },
    "euclidean": {
      "auroc": 0.6526692708333334,
      "tpr_at_fpr01": 0.1875
    },
    "hyperbolic": {
      "auroc": 0.9615885416666666,
      "tpr_at_fpr01": 0.65625
    },
    "n_test_attacks": 64,
    "n_test_benign": 96
  },
  "perturbations": {
    "benign_prefix": {
      "description": "Prepend SHORT prefix (3-12 chars) \u2014 minimal lexical noise",
      "n_attacks_perturbed": 64,
      "n_attacks_confirmed": 64,
      "attack_survival_rate": 1.0,
      "n_benign_perturbed": 96,
      "fixed_threshold": {
        "raw": {
          "tpr": 1.0,
          "fpr": 0.03125,
          "threshold": 0.13589795199469085
        },
        "euclidean": {
          "tpr": 0.1875,
          "fpr": 0.010416666666666666,
          "threshold": 0.9099272741967014
        },
        "hyperbolic": {
          "tpr": 0.859375,
          "fpr": 0.052083333333333336,
          "threshold": 0.9546085274062485
        }
      },
      "recalibrated": {
        "raw": {
          "auroc": 1.0,
          "tpr_at_fpr01": 1.0
        },
        "euclidean": {
          "auroc": 0.6884765625,
          "tpr_at_fpr01": 0.359375
        },
        "hyperbolic": {
          "auroc": 0.9705403645833334,
          "tpr_at_fpr01": 0.59375
        }
      },
      "drops_recalibrated": {
        "raw": 0.0,
        "euclidean": 0.171875,
        "hyperbolic": -0.0625
      }
    },
    "length_match": {
      "description": "Append benign filler to match benign mean length (155 chars)",
      "n_attacks_perturbed": 64,
      "n_attacks_confirmed": 64,
      "attack_survival_rate": 1.0,
      "n_benign_perturbed": 96,
      "fixed_threshold": {
        "raw": {
          "tpr": 1.0,
          "fpr": 0.6354166666666666,
          "threshold": 0.13589795199469085
        },
        "euclidean": {
          "tpr": 0.125,
          "fpr": 0.0,
          "threshold": 0.9099272741967014
        },
        "hyperbolic": {
          "tpr": 0.796875,
          "fpr": 0.28125,
          "threshold": 0.9546085274062485
        }
      },
      "recalibrated": {
        "raw": {
          "auroc": 0.9840494791666666,
          "tpr_at_fpr01": 0.9375
        },
        "euclidean": {
          "auroc": 0.70654296875,
          "tpr_at_fpr01": 0.265625
        },
        "hyperbolic": {
          "auroc": 0.8479817708333334,
          "tpr_at_fpr01": 0.203125
        }
      },
      "drops_recalibrated": {
        "raw": -0.0625,
        "euclidean": 0.078125,
        "hyperbolic": -0.453125
      }
    },
    "combined": {
      "description": "Short prefix + suffix appending + length match",
      "n_attacks_perturbed": 64,
      "n_attacks_confirmed": 64,
      "attack_survival_rate": 1.0,
      "n_benign_perturbed": 96,
      "fixed_threshold": {
        "raw": {
          "tpr": 0.90625,
          "fpr": 0.7916666666666666,
          "threshold": 0.13589795199469085
        },
        "euclidean": {
          "tpr": 0.171875,
          "fpr": 0.0,
          "threshold": 0.9099272741967014
        },
        "hyperbolic": {
          "tpr": 0.609375,
          "fpr": 0.25,
          "threshold": 0.9546085274062485
        }
      },
      "recalibrated": {
        "raw": {
          "auroc": 0.8403320312500001,
          "tpr_at_fpr01": 0.65625
        },
        "euclidean": {
          "auroc": 0.7392578125,
          "tpr_at_fpr01": 0.3125
        },
        "hyperbolic": {
          "auroc": 0.7768554687500001,
          "tpr_at_fpr01": 0.078125
        }
      },
      "drops_recalibrated": {
        "raw": -0.34375,
        "euclidean": 0.125,
        "hyperbolic": -0.578125
      }
    }
  }
}