{
  "config": {
    "harmful_npz": "results/harm_taxonomy_deep_llm_reps.npz",
    "benign_reps_npz": null,
    "benign_csv": "obfuscated-activations/inference_time_experiments/datasets/harmful_dataset/benign_train_no_spec_tokens.csv",
    "model_path": "/mnt/lab/Mo/hf_cache/hub/models--meta-llama--Meta-Llama-3-8B-Instruct/snapshots/8afb486c1db24fe5011ec46dfbe5b5dccdb575c2/",
    "layer": 24,
    "n_benign": 1500,
    "d_emb": 32,
    "c": 1.0,
    "k": 10,
    "seeds": 5,
    "epochs": 300,
    "output": "results/openset_detection",
    "selftest": false
  },
  "by_heldout_category": {
    "0": {
      "knn_hyperbolic": {
        "auroc": [
          0.9893867924528303,
          0.004188827976281752
        ],
        "tpr": [
          0.769811320754717,
          0.10153678526093368
        ]
      },
      "knn_euclidean": {
        "auroc": [
          0.9635849056603775,
          0.007747977147320481
        ],
        "tpr": [
          0.5094339622641509,
          0.15328374348369736
        ]
      },
      "c4_linear": {
        "auroc": [
          0.9995660377358491,
          0.0001279684902476616
        ],
        "tpr": [
          0.9773584905660379,
          0.01848671503987304
        ]
      }
    },
    "1": {
      "knn_hyperbolic": {
        "auroc": [
          0.9849747899159663,
          0.007984668152128302
        ],
        "tpr": [
          0.7092436974789916,
          0.09321293864781209
        ]
      },
      "knn_euclidean": {
        "auroc": [
          0.9579243697478992,
          0.010287559221037856
        ],
        "tpr": [
          0.3529411764705882,
          0.12131147853861238
        ]
      },
      "c4_linear": {
        "auroc": [
          0.9996008403361344,
          0.00011274292323530628
        ],
        "tpr": [
          0.9899159663865547,
          0.0033613445378151583
        ]
      }
    },
    "2": {
      "knn_hyperbolic": {
        "auroc": [
          0.9799037037037038,
          0.005546132749706423
        ],
        "tpr": [
          0.4607407407407408,
          0.1577899491045256
        ]
      },
      "knn_euclidean": {
        "auroc": [
          0.9494999999999999,
          0.010810076333816305
        ],
        "tpr": [
          0.1925925925925926,
          0.09474534492041174
        ]
      },
      "c4_linear": {
        "auroc": [
          0.9999777777777776,
          7.4074074073560155e-06
        ],
        "tpr": [
          1.0,
          0.0
        ]
      }
    },
    "3": {
      "knn_hyperbolic": {
        "auroc": [
          0.9745446428571428,
          0.008171101548151488
        ],
        "tpr": [
          0.5071428571428572,
          0.06925256939166184
        ]
      },
      "knn_euclidean": {
        "auroc": [
          0.9588035714285713,
          0.010287845451337803
        ],
        "tpr": [
          0.22857142857142856,
          0.13477115902938006
        ]
      },
      "c4_linear": {
        "auroc": [
          0.9993035714285714,
          0.00016120955433273783
        ],
        "tpr": [
          0.9892857142857142,
          0.014285714285714285
        ]
      }
    },
    "4": {
      "knn_hyperbolic": {
        "auroc": [
          0.9784299065420561,
          0.010970061848762452
        ],
        "tpr": [
          0.5327102803738317,
          0.1085078525136448
        ]
      },
      "knn_euclidean": {
        "auroc": [
          0.9253644859813083,
          0.014328718260943103
        ],
        "tpr": [
          0.3364485981308411,
          0.0518670539271462
        ]
      },
      "c4_linear": {
        "auroc": [
          0.9986775700934579,
          0.000534143015109675
        ],
        "tpr": [
          0.9663551401869158,
          0.009530877595500534
        ]
      }
    },
    "5": {
      "knn_hyperbolic": {
        "auroc": [
          0.9047499999999999,
          0.03830125469369264
        ],
        "tpr": [
          0.4333333333333333,
          0.08164965809277261
        ]
      },
      "knn_euclidean": {
        "auroc": [
          0.8919166666666667,
          0.015939555967606017
        ],
        "tpr": [
          0.0,
          0.0
        ]
      },
      "c4_linear": {
        "auroc": [
          0.9988333333333334,
          0.00040824829046386336
        ],
        "tpr": [
          1.0,
          0.0
        ]
      }
    },
    "6": {
      "knn_hyperbolic": {
        "auroc": [
          0.988209677419355,
          0.0017018995325019674
        ],
        "tpr": [
          0.6193548387096774,
          0.06255070783763007
        ]
      },
      "knn_euclidean": {
        "auroc": [
          0.9666290322580645,
          0.019561956325371783
        ],
        "tpr": [
          0.5032258064516129,
          0.22497542934403475
        ]
      },
      "c4_linear": {
        "auroc": [
          0.9995806451612903,
          0.00017221093954887688
        ],
        "tpr": [
          1.0,
          0.0
        ]
      }
    },
    "7": {
      "knn_hyperbolic": {
        "auroc": [
          0.9862058823529413,
          0.004311006273076536
        ],
        "tpr": [
          0.6823529411764706,
          0.10256232808330992
        ]
      },
      "knn_euclidean": {
        "auroc": [
          0.9802941176470588,
          0.00793681797603896
        ],
        "tpr": [
          0.5764705882352941,
          0.18749855824128503
        ]
      },
      "c4_linear": {
        "auroc": [
          0.9999705882352942,
          5.88235294117001e-05
        ],
        "tpr": [
          1.0,
          0.0
        ]
      }
    },
    "8": {
      "knn_hyperbolic": {
        "auroc": [
          0.9826785714285714,
          0.009660885231268974
        ],
        "tpr": [
          0.5777777777777778,
          0.1754237571796317
        ]
      },
      "knn_euclidean": {
        "auroc": [
          0.9180277777777777,
          0.016555851364749873
        ],
        "tpr": [
          0.19047619047619047,
          0.11718113539867778
        ]
      },
      "c4_linear": {
        "auroc": [
          0.9997738095238095,
          2.3809523809522245e-05
        ],
        "tpr": [
          0.9984126984126984,
          0.0031746031746031633
        ]
      }
    }
  },
  "macro": {
    "knn_hyperbolic": {
      "auroc": 0.9743426629636187,
      "tpr": 0.5880519763875998
    },
    "knn_euclidean": {
      "auroc": 0.9457827696853028,
      "tpr": 0.321128927021411
    },
    "c4_linear": {
      "auroc": 0.9994760192917241,
      "tpr": 0.991258667759769
    }
  },
  "verdict": "no open-set win: retrieval ties/loses to the linear probe -> negative extends to open-set"
}