{
  "hps_lite": {
    "auroc": 0.9583999999999999,
    "fpr_at_95": 0.12,
    "f1": 0.8571428571428571,
    "fpr": [
      0.0,
      0.0,
      0.0,
      0.08,
      0.08,
      0.12,
      0.12,
      0.48,
      0.48,
      1.0
    ],
    "tpr": [
      0.0,
      0.04,
      0.76,
      0.76,
      0.8,
      0.8,
      0.96,
      0.96,
      1.0,
      1.0
    ]
  },
  "hps_full": {
    "auroc": 1.0,
    "fpr_at_95": 0.0,
    "f1": 1.0,
    "fpr": [
      0.0,
      0.0,
      0.0,
      1.0
    ],
    "tpr": [
      0.0,
      0.04,
      1.0,
      1.0
    ]
  },
  "combined": {
    "auroc": 1.0,
    "fpr_at_95": 0.0,
    "f1": 1.0,
    "fpr": [
      0.0,
      0.0,
      0.0,
      1.0
    ],
    "tpr": [
      0.0,
      0.04,
      1.0,
      1.0
    ]
  },
  "dual_use_fpr": {
    "hps_lite": 0.3333333333333333,
    "hps_full": 0.0
  },
  "radii_analysis": {
    "benign_mean": 1.9514074945449829,
    "benign_std": 0.08352828134535865,
    "adversarial_mean": 2.5242361545562746,
    "adversarial_std": 0.10980551174859632,
    "separation": 0.5728286600112917
  },
  "delta_auroc_full_vs_lite": 0.04160000000000008,
  "verdict": "HPS-Full IMPROVES over HPS-Lite"
}